{"cameraMode":{"drawMode":0,"name":"Shaded","section":"Shading Mode"},"sceneLighting":true,"audioPlay":false,"sceneViewState":{"m_AlwaysRefresh":false,"showFog":true,"showSkybox":true,"showFlares":true,"showImageEffects":true,"showParticleSystems":true,"showVisualEffectGraphs":true,"m_FxEnabled":true},"in2DMode":false,"pivot":{"x":0.01480181235820055,"y":-0.17729640007019044,"z":-0.20326846837997437},"rotation":{"x":0.7432408332824707,"y":0.0000017485623402535567,"z":8.789778576101526e-7,"w":0.6690282821655273},"size":3.929135799407959,"orthographic":true}