{"cameraMode":{"drawMode":0,"name":"Shaded","section":"Shading Mode"},"sceneLighting":true,"audioPlay":false,"sceneViewState":{"m_AlwaysRefresh":false,"showFog":true,"showSkybox":true,"showFlares":true,"showImageEffects":true,"showParticleSystems":true,"showVisualEffectGraphs":true,"m_FxEnabled":true},"in2DMode":false,"pivot":{"x":-0.688453197479248,"y":-7.222356796264648,"z":1.1578590869903565},"rotation":{"x":-0.647828221321106,"y":0.0002528589975554496,"z":-0.00016283484001178294,"w":-0.7618181109428406},"size":8.674600601196289,"orthographic":false}