{"cameraMode":{"drawMode":0,"name":"Shaded","section":"Shading Mode"},"sceneLighting":false,"audioPlay":false,"sceneViewState":{"m_AlwaysRefresh":false,"showFog":true,"showSkybox":false,"showFlares":true,"showImageEffects":true,"showParticleSystems":true,"showVisualEffectGraphs":true,"m_FxEnabled":true},"in2DMode":false,"pivot":{"x":-0.08794927597045899,"y":0.11357688903808594,"z":0.10605621337890625},"rotation":{"x":0.6996803283691406,"y":-0.00002866450813598931,"z":-0.00007029182597761974,"w":0.7145376801490784},"size":4.490995407104492,"orthographic":true}